area_id,area_name,subarea_name
13,横浜市緑区,横浜市緑区いぶき野
13,横浜市緑区,横浜市緑区鴨居
13,横浜市緑区,横浜市緑区鴨居町
13,横浜市緑区,横浜市緑区三保町
13,横浜市緑区,横浜市緑区寺山町
13,横浜市緑区,横浜市緑区十日市場町
13,横浜市緑区,横浜市緑区小山町
13,横浜市緑区,横浜市緑区上山
13,横浜市緑区,横浜市緑区新治町
13,横浜市緑区,横浜市緑区森の台
13,横浜市緑区,横浜市緑区西八朔町
13,横浜市緑区,横浜市緑区青砥町
13,横浜市緑区,横浜市緑区台村町
13,横浜市緑区,横浜市緑区竹山
13,横浜市緑区,横浜市緑区中山
13,横浜市緑区,横浜市緑区中山町
13,横浜市緑区,横浜市緑区長津田
13,横浜市緑区,横浜市緑区長津田みなみ台
13,横浜市緑区,横浜市緑区長津田町
13,横浜市緑区,横浜市緑区東本郷
13,横浜市緑区,横浜市緑区東本郷町
13,横浜市緑区,横浜市緑区白山
13,横浜市緑区,横浜市緑区北八朔町
13,横浜市緑区,横浜市緑区霧が丘
13,横浜市緑区,横浜市緑区鴨居1丁目
13,横浜市緑区,横浜市緑区鴨居2丁目
13,横浜市緑区,横浜市緑区鴨居3丁目
13,横浜市緑区,横浜市緑区鴨居4丁目
13,横浜市緑区,横浜市緑区鴨居5丁目
13,横浜市緑区,横浜市緑区鴨居6丁目
13,横浜市緑区,横浜市緑区鴨居7丁目
13,横浜市緑区,横浜市緑区上山1丁目
13,横浜市緑区,横浜市緑区上山2丁目
13,横浜市緑区,横浜市緑区上山3丁目
13,横浜市緑区,横浜市緑区竹山1丁目
13,横浜市緑区,横浜市緑区竹山2丁目
13,横浜市緑区,横浜市緑区竹山3丁目
13,横浜市緑区,横浜市緑区竹山4丁目
13,横浜市緑区,横浜市緑区中山1丁目
13,横浜市緑区,横浜市緑区中山2丁目
13,横浜市緑区,横浜市緑区中山3丁目
13,横浜市緑区,横浜市緑区中山4丁目
13,横浜市緑区,横浜市緑区長津田1丁目
13,横浜市緑区,横浜市緑区長津田2丁目
13,横浜市緑区,横浜市緑区長津田3丁目
13,横浜市緑区,横浜市緑区長津田4丁目
13,横浜市緑区,横浜市緑区長津田5丁目
13,横浜市緑区,横浜市緑区長津田6丁目
13,横浜市緑区,横浜市緑区長津田7丁目
13,横浜市緑区,横浜市緑区長津田みなみ台1丁目
13,横浜市緑区,横浜市緑区長津田みなみ台2丁目
13,横浜市緑区,横浜市緑区長津田みなみ台3丁目
13,横浜市緑区,横浜市緑区長津田みなみ台4丁目
13,横浜市緑区,横浜市緑区長津田みなみ台5丁目
13,横浜市緑区,横浜市緑区長津田みなみ台6丁目
13,横浜市緑区,横浜市緑区長津田みなみ台7丁目
13,横浜市緑区,横浜市緑区東本郷1丁目
13,横浜市緑区,横浜市緑区東本郷2丁目
13,横浜市緑区,横浜市緑区東本郷3丁目
13,横浜市緑区,横浜市緑区東本郷4丁目
13,横浜市緑区,横浜市緑区東本郷5丁目
13,横浜市緑区,横浜市緑区東本郷6丁目
13,横浜市緑区,横浜市緑区白山1丁目
13,横浜市緑区,横浜市緑区白山2丁目
13,横浜市緑区,横浜市緑区白山3丁目
13,横浜市緑区,横浜市緑区白山4丁目
13,横浜市緑区,横浜市緑区霧が丘1丁目
13,横浜市緑区,横浜市緑区霧が丘2丁目
13,横浜市緑区,横浜市緑区霧が丘3丁目
13,横浜市緑区,横浜市緑区霧が丘4丁目
13,横浜市緑区,横浜市緑区霧が丘5丁目
13,横浜市緑区,横浜市緑区霧が丘6丁目
11,横浜市港南区,横浜市港南区下永谷
11,横浜市港南区,横浜市港南区丸山台
11,横浜市港南区,横浜市港南区芹が谷
11,横浜市港南区,横浜市港南区港南
11,横浜市港南区,横浜市港南区港南台
11,横浜市港南区,横浜市港南区港南中央通
11,横浜市港南区,横浜市港南区最戸
11,横浜市港南区,横浜市港南区笹下
11,横浜市港南区,横浜市港南区上永谷
11,横浜市港南区,横浜市港南区上永谷町
11,横浜市港南区,横浜市港南区上大岡西
11,横浜市港南区,横浜市港南区上大岡東
11,横浜市港南区,横浜市港南区大久保
11,横浜市港南区,横浜市港南区東永谷
11,横浜市港南区,横浜市港南区東芹が谷
11,横浜市港南区,横浜市港南区日限山
11,横浜市港南区,横浜市港南区日野
11,横浜市港南区,横浜市港南区日野中央
11,横浜市港南区,横浜市港南区日野南
11,横浜市港南区,横浜市港南区野庭町
11,横浜市港南区,横浜市港南区下永谷1丁目
11,横浜市港南区,横浜市港南区下永谷2丁目
11,横浜市港南区,横浜市港南区下永谷3丁目
11,横浜市港南区,横浜市港南区下永谷4丁目
11,横浜市港南区,横浜市港南区下永谷5丁目
11,横浜市港南区,横浜市港南区下永谷6丁目
11,横浜市港南区,横浜市港南区丸山台1丁目
11,横浜市港南区,横浜市港南区丸山台2丁目
11,横浜市港南区,横浜市港南区丸山台3丁目
11,横浜市港南区,横浜市港南区丸山台4丁目
11,横浜市港南区,横浜市港南区芹が谷1丁目
11,横浜市港南区,横浜市港南区芹が谷2丁目
11,横浜市港南区,横浜市港南区芹が谷3丁目
11,横浜市港南区,横浜市港南区芹が谷4丁目
11,横浜市港南区,横浜市港南区芹が谷5丁目
11,横浜市港南区,横浜市港南区港南1丁目
11,横浜市港南区,横浜市港南区港南2丁目
11,横浜市港南区,横浜市港南区港南3丁目
11,横浜市港南区,横浜市港南区港南4丁目
11,横浜市港南区,横浜市港南区港南5丁目
11,横浜市港南区,横浜市港南区港南6丁目
11,横浜市港南区,横浜市港南区港南台1丁目
11,横浜市港南区,横浜市港南区港南台2丁目
11,横浜市港南区,横浜市港南区港南台3丁目
11,横浜市港南区,横浜市港南区港南台4丁目
11,横浜市港南区,横浜市港南区港南台5丁目
11,横浜市港南区,横浜市港南区港南台6丁目
11,横浜市港南区,横浜市港南区港南台7丁目
11,横浜市港南区,横浜市港南区港南台8丁目
11,横浜市港南区,横浜市港南区港南台9丁目
11,横浜市港南区,横浜市港南区最戸1丁目
11,横浜市港南区,横浜市港南区最戸2丁目
11,横浜市港南区,横浜市港南区笹下1丁目
11,横浜市港南区,横浜市港南区笹下2丁目
11,横浜市港南区,横浜市港南区笹下3丁目
11,横浜市港南区,横浜市港南区笹下4丁目
11,横浜市港南区,横浜市港南区笹下5丁目
11,横浜市港南区,横浜市港南区笹下6丁目
11,横浜市港南区,横浜市港南区笹下7丁目
11,横浜市港南区,横浜市港南区上永谷1丁目
11,横浜市港南区,横浜市港南区上永谷2丁目
11,横浜市港南区,横浜市港南区上永谷3丁目
11,横浜市港南区,横浜市港南区上永谷4丁目
11,横浜市港南区,横浜市港南区上永谷5丁目
11,横浜市港南区,横浜市港南区上永谷6丁目
11,横浜市港南区,横浜市港南区上大岡西1丁目
11,横浜市港南区,横浜市港南区上大岡西2丁目
11,横浜市港南区,横浜市港南区上大岡西3丁目
11,横浜市港南区,横浜市港南区上大岡東1丁目
11,横浜市港南区,横浜市港南区上大岡東2丁目
11,横浜市港南区,横浜市港南区上大岡東3丁目
11,横浜市港南区,横浜市港南区大久保1丁目
11,横浜市港南区,横浜市港南区大久保2丁目
11,横浜市港南区,横浜市港南区大久保3丁目
11,横浜市港南区,横浜市港南区東永谷1丁目
11,横浜市港南区,横浜市港南区東永谷2丁目
11,横浜市港南区,横浜市港南区東永谷3丁目
11,横浜市港南区,横浜市港南区日限山1丁目
11,横浜市港南区,横浜市港南区日限山2丁目
11,横浜市港南区,横浜市港南区日限山3丁目
11,横浜市港南区,横浜市港南区日限山4丁目
11,横浜市港南区,横浜市港南区日野1丁目
11,横浜市港南区,横浜市港南区日野2丁目
11,横浜市港南区,横浜市港南区日野3丁目
11,横浜市港南区,横浜市港南区日野4丁目
11,横浜市港南区,横浜市港南区日野5丁目
11,横浜市港南区,横浜市港南区日野6丁目
11,横浜市港南区,横浜市港南区日野7丁目
11,横浜市港南区,横浜市港南区日野8丁目
11,横浜市港南区,横浜市港南区日野9丁目
11,横浜市港南区,横浜市港南区日野中央1丁目
11,横浜市港南区,横浜市港南区日野中央2丁目
11,横浜市港南区,横浜市港南区日野中央3丁目
11,横浜市港南区,横浜市港南区日野南1丁目
11,横浜市港南区,横浜市港南区日野南2丁目
11,横浜市港南区,横浜市港南区日野南3丁目
11,横浜市港南区,横浜市港南区日野南4丁目
11,横浜市港南区,横浜市港南区日野南5丁目
11,横浜市港南区,横浜市港南区日野南6丁目
11,横浜市港南区,横浜市港南区日野南7丁目
7,横浜市磯子区,横浜市磯子区磯子
7,横浜市磯子区,横浜市磯子区磯子台
7,横浜市磯子区,横浜市磯子区岡村
7,横浜市磯子区,横浜市磯子区下町
7,横浜市磯子区,横浜市磯子区丸山
7,横浜市磯子区,横浜市磯子区久木町
7,横浜市磯子区,横浜市磯子区栗木
7,横浜市磯子区,横浜市磯子区原町
7,横浜市磯子区,横浜市磯子区広地町
7,横浜市磯子区,横浜市磯子区坂下町
7,横浜市磯子区,横浜市磯子区汐見台
7,横浜市磯子区,横浜市磯子区上中里町
7,横浜市磯子区,横浜市磯子区上町
7,横浜市磯子区,横浜市磯子区新磯子町
7,横浜市磯子区,横浜市磯子区新森町
7,横浜市磯子区,横浜市磯子区新杉田町
7,横浜市磯子区,横浜市磯子区新中原町
7,横浜市磯子区,横浜市磯子区森
7,横浜市磯子区,横浜市磯子区森が丘
7,横浜市磯子区,横浜市磯子区杉田
7,横浜市磯子区,横浜市磯子区杉田坪呑
7,横浜市磯子区,横浜市磯子区西町
7,横浜市磯子区,横浜市磯子区滝頭
7,横浜市磯子区,横浜市磯子区中原
7,横浜市磯子区,横浜市磯子区中浜町
7,横浜市磯子区,横浜市磯子区田中
7,横浜市磯子区,横浜市磯子区東町
7,横浜市磯子区,横浜市磯子区馬場町
7,横浜市磯子区,横浜市磯子区氷取沢町
7,横浜市磯子区,横浜市磯子区峰町
7,横浜市磯子区,横浜市磯子区鳳町
7,横浜市磯子区,横浜市磯子区洋光台
7,横浜市磯子区,横浜市磯子区磯子1丁目
7,横浜市磯子区,横浜市磯子区磯子2丁目
7,横浜市磯子区,横浜市磯子区磯子3丁目
7,横浜市磯子区,横浜市磯子区磯子4丁目
7,横浜市磯子区,横浜市磯子区磯子5丁目
7,横浜市磯子区,横浜市磯子区磯子6丁目
7,横浜市磯子区,横浜市磯子区磯子7丁目
7,横浜市磯子区,横浜市磯子区磯子8丁目
7,横浜市磯子区,横浜市磯子区岡村1丁目
7,横浜市磯子区,横浜市磯子区岡村2丁目
7,横浜市磯子区,横浜市磯子区岡村3丁目
7,横浜市磯子区,横浜市磯子区岡村4丁目
7,横浜市磯子区,横浜市磯子区岡村5丁目
7,横浜市磯子区,横浜市磯子区岡村6丁目
7,横浜市磯子区,横浜市磯子区岡村7丁目
7,横浜市磯子区,横浜市磯子区岡村8丁目
7,横浜市磯子区,横浜市磯子区丸山1丁目
7,横浜市磯子区,横浜市磯子区丸山2丁目
7,横浜市磯子区,横浜市磯子区栗木1丁目
7,横浜市磯子区,横浜市磯子区栗木2丁目
7,横浜市磯子区,横浜市磯子区栗木3丁目
7,横浜市磯子区,横浜市磯子区汐見台1丁目
7,横浜市磯子区,横浜市磯子区汐見台2丁目
7,横浜市磯子区,横浜市磯子区汐見台3丁目
7,横浜市磯子区,横浜市磯子区森1丁目
7,横浜市磯子区,横浜市磯子区森2丁目
7,横浜市磯子区,横浜市磯子区森3丁目
7,横浜市磯子区,横浜市磯子区森4丁目
7,横浜市磯子区,横浜市磯子区森5丁目
7,横浜市磯子区,横浜市磯子区森6丁目
7,横浜市磯子区,横浜市磯子区森が丘1丁目
7,横浜市磯子区,横浜市磯子区森が丘2丁目
7,横浜市磯子区,横浜市磯子区杉田1丁目
7,横浜市磯子区,横浜市磯子区杉田2丁目
7,横浜市磯子区,横浜市磯子区杉田3丁目
7,横浜市磯子区,横浜市磯子区杉田4丁目
7,横浜市磯子区,横浜市磯子区杉田5丁目
7,横浜市磯子区,横浜市磯子区杉田6丁目
7,横浜市磯子区,横浜市磯子区杉田7丁目
7,横浜市磯子区,横浜市磯子区杉田8丁目
7,横浜市磯子区,横浜市磯子区杉田9丁目
7,横浜市磯子区,横浜市磯子区滝頭1丁目
7,横浜市磯子区,横浜市磯子区滝頭2丁目
7,横浜市磯子区,横浜市磯子区滝頭3丁目
7,横浜市磯子区,横浜市磯子区中原1丁目
7,横浜市磯子区,横浜市磯子区中原2丁目
7,横浜市磯子区,横浜市磯子区中原3丁目
7,横浜市磯子区,横浜市磯子区中原4丁目
7,横浜市磯子区,横浜市磯子区田中1丁目
7,横浜市磯子区,横浜市磯子区田中2丁目
7,横浜市磯子区,横浜市磯子区洋光台1丁目
7,横浜市磯子区,横浜市磯子区洋光台2丁目
7,横浜市磯子区,横浜市磯子区洋光台3丁目
7,横浜市磯子区,横浜市磯子区洋光台4丁目
7,横浜市磯子区,横浜市磯子区洋光台5丁目
7,横浜市磯子区,横浜市磯子区洋光台6丁目
8,横浜市金沢区,横浜市金沢区みず木町
8,横浜市金沢区,横浜市金沢区乙舳町
8,横浜市金沢区,横浜市金沢区海の公園
8,横浜市金沢区,横浜市金沢区釜利谷西
8,横浜市金沢区,横浜市金沢区釜利谷町
8,横浜市金沢区,横浜市金沢区釜利谷東
8,横浜市金沢区,横浜市金沢区釜利谷南
8,横浜市金沢区,横浜市金沢区金沢町
8,横浜市金沢区,横浜市金沢区幸浦
8,横浜市金沢区,横浜市金沢区高舟台
8,横浜市金沢区,横浜市金沢区寺前
8,横浜市金沢区,横浜市金沢区柴町
8,横浜市金沢区,横浜市金沢区洲崎町
8,横浜市金沢区,横浜市金沢区昭和町
8,横浜市金沢区,横浜市金沢区瀬戸
8,横浜市金沢区,横浜市金沢区西柴
8,横浜市金沢区,横浜市金沢区大川
8,横浜市金沢区,横浜市金沢区大道
8,横浜市金沢区,横浜市金沢区谷津町
8,横浜市金沢区,横浜市金沢区朝比奈町
8,横浜市金沢区,横浜市金沢区町屋町
8,横浜市金沢区,横浜市金沢区長浜
8,横浜市金沢区,横浜市金沢区鳥浜町
8,横浜市金沢区,横浜市金沢区泥亀
8,横浜市金沢区,横浜市金沢区東朝比奈
8,横浜市金沢区,横浜市金沢区能見台
8,横浜市金沢区,横浜市金沢区能見台森
8,横浜市金沢区,横浜市金沢区能見台通
8,横浜市金沢区,横浜市金沢区能見台東
8,横浜市金沢区,横浜市金沢区白帆
8,横浜市金沢区,横浜市金沢区富岡西
8,横浜市金沢区,横浜市金沢区富岡東
8,横浜市金沢区,横浜市金沢区福浦
8,横浜市金沢区,横浜市金沢区平潟町
8,横浜市金沢区,横浜市金沢区並木
8,横浜市金沢区,横浜市金沢区片吹
8,横浜市金沢区,横浜市金沢区堀口
8,横浜市金沢区,横浜市金沢区野島町
8,横浜市金沢区,横浜市金沢区柳町
8,横浜市金沢区,横浜市金沢区六浦
8,横浜市金沢区,横浜市金沢区六浦町
8,横浜市金沢区,横浜市金沢区六浦東
8,横浜市金沢区,横浜市金沢区六浦南
8,横浜市金沢区,横浜市金沢区釜利谷西1丁目
8,横浜市金沢区,横浜市金沢区釜利谷西2丁目
8,横浜市金沢区,横浜市金沢区釜利谷西3丁目
8,横浜市金沢区,横浜市金沢区釜利谷西4丁目
8,横浜市金沢区,横浜市金沢区釜利谷西5丁目
8,横浜市金沢区,横浜市金沢区釜利谷西6丁目
8,横浜市金沢区,横浜市金沢区釜利谷東1丁目
8,横浜市金沢区,横浜市金沢区釜利谷東2丁目
8,横浜市金沢区,横浜市金沢区釜利谷東3丁目
8,横浜市金沢区,横浜市金沢区釜利谷東4丁目
8,横浜市金沢区,横浜市金沢区釜利谷東5丁目
8,横浜市金沢区,横浜市金沢区釜利谷東6丁目
8,横浜市金沢区,横浜市金沢区釜利谷東7丁目
8,横浜市金沢区,横浜市金沢区釜利谷東8丁目
8,横浜市金沢区,横浜市金沢区釜利谷南1丁目
8,横浜市金沢区,横浜市金沢区釜利谷南2丁目
8,横浜市金沢区,横浜市金沢区釜利谷南3丁目
8,横浜市金沢区,横浜市金沢区釜利谷南4丁目
8,横浜市金沢区,横浜市金沢区幸浦1丁目
8,横浜市金沢区,横浜市金沢区幸浦2丁目
8,横浜市金沢区,横浜市金沢区高舟台1丁目
8,横浜市金沢区,横浜市金沢区高舟台2丁目
8,横浜市金沢区,横浜市金沢区寺前1丁目
8,横浜市金沢区,横浜市金沢区寺前2丁目
8,横浜市金沢区,横浜市金沢区西柴1丁目
8,横浜市金沢区,横浜市金沢区西柴2丁目
8,横浜市金沢区,横浜市金沢区西柴3丁目
8,横浜市金沢区,横浜市金沢区西柴4丁目
8,横浜市金沢区,横浜市金沢区大道1丁目
8,横浜市金沢区,横浜市金沢区大道2丁目
8,横浜市金沢区,横浜市金沢区長浜1丁目
8,横浜市金沢区,横浜市金沢区長浜2丁目
8,横浜市金沢区,横浜市金沢区泥亀1丁目
8,横浜市金沢区,横浜市金沢区泥亀2丁目
8,横浜市金沢区,横浜市金沢区東朝比奈1丁目
8,横浜市金沢区,横浜市金沢区東朝比奈2丁目
8,横浜市金沢区,横浜市金沢区東朝比奈3丁目
8,横浜市金沢区,横浜市金沢区能見台1丁目
8,横浜市金沢区,横浜市金沢区能見台2丁目
8,横浜市金沢区,横浜市金沢区能見台3丁目
8,横浜市金沢区,横浜市金沢区能見台4丁目
8,横浜市金沢区,横浜市金沢区能見台5丁目
8,横浜市金沢区,横浜市金沢区能見台6丁目
8,横浜市金沢区,横浜市金沢区富岡西1丁目
8,横浜市金沢区,横浜市金沢区富岡西2丁目
8,横浜市金沢区,横浜市金沢区富岡西3丁目
8,横浜市金沢区,横浜市金沢区富岡西4丁目
8,横浜市金沢区,横浜市金沢区富岡西5丁目
8,横浜市金沢区,横浜市金沢区富岡西6丁目
8,横浜市金沢区,横浜市金沢区富岡西7丁目
8,横浜市金沢区,横浜市金沢区富岡東1丁目
8,横浜市金沢区,横浜市金沢区富岡東2丁目
8,横浜市金沢区,横浜市金沢区富岡東3丁目
8,横浜市金沢区,横浜市金沢区富岡東4丁目
8,横浜市金沢区,横浜市金沢区富岡東5丁目
8,横浜市金沢区,横浜市金沢区富岡東6丁目
8,横浜市金沢区,横浜市金沢区福浦1丁目
8,横浜市金沢区,横浜市金沢区福浦2丁目
8,横浜市金沢区,横浜市金沢区福浦3丁目
8,横浜市金沢区,横浜市金沢区並木1丁目
8,横浜市金沢区,横浜市金沢区並木2丁目
8,横浜市金沢区,横浜市金沢区並木3丁目
8,横浜市金沢区,横浜市金沢区六浦1丁目
8,横浜市金沢区,横浜市金沢区六浦2丁目
8,横浜市金沢区,横浜市金沢区六浦3丁目
8,横浜市金沢区,横浜市金沢区六浦4丁目
8,横浜市金沢区,横浜市金沢区六浦5丁目
8,横浜市金沢区,横浜市金沢区六浦東1丁目
8,横浜市金沢区,横浜市金沢区六浦東2丁目
8,横浜市金沢区,横浜市金沢区六浦東3丁目
8,横浜市金沢区,横浜市金沢区六浦南1丁目
8,横浜市金沢区,横浜市金沢区六浦南2丁目
8,横浜市金沢区,横浜市金沢区六浦南3丁目
8,横浜市金沢区,横浜市金沢区六浦南4丁目
8,横浜市金沢区,横浜市金沢区六浦南5丁目
4,横浜市中区,横浜市中区かもめ町
4,横浜市中区,横浜市中区伊勢佐木町
4,横浜市中区,横浜市中区羽衣町
4,横浜市中区,横浜市中区英町
4,横浜市中区,横浜市中区横浜公園
4,横浜市中区,横浜市中区翁町
4,横浜市中区,横浜市中区黄金町
4,横浜市中区,横浜市中区花咲町
4,横浜市中区,横浜市中区海岸通
4,横浜市中区,横浜市中区吉田町
4,横浜市中区,横浜市中区吉浜町
4,横浜市中区,横浜市中区宮川町
4,横浜市中区,横浜市中区錦町
4,横浜市中区,横浜市中区元町
4,横浜市中区,横浜市中区元浜町
4,横浜市中区,横浜市中区港町
4,横浜市中区,横浜市中区根岸旭台
4,横浜市中区,横浜市中区根岸加曽台
4,横浜市中区,横浜市中区根岸台
4,横浜市中区,横浜市中区根岸町
4,横浜市中区,横浜市中区鷺山
4,横浜市中区,横浜市中区桜木町
4,横浜市中区,横浜市中区三吉町
4,横浜市中区,横浜市中区山下町
4,横浜市中区,横浜市中区山元町
4,横浜市中区,横浜市中区山手町
4,横浜市中区,横浜市中区山吹町
4,横浜市中区,横浜市中区山田町
4,横浜市中区,横浜市中区寺久保
4,横浜市中区,横浜市中区若葉町
4,横浜市中区,横浜市中区寿町
4,横浜市中区,横浜市中区住吉町
4,横浜市中区,横浜市中区初音町
4,横浜市中区,横浜市中区曙町
4,横浜市中区,横浜市中区小港町
4,横浜市中区,横浜市中区松影町
4,横浜市中区,横浜市中区上野町
4,横浜市中区,横浜市中区常盤町
4,横浜市中区,横浜市中区新港
4,横浜市中区,横浜市中区新山下
4,横浜市中区,横浜市中区真砂町
4,横浜市中区,横浜市中区諏訪町
4,横浜市中区,横浜市中区西竹之丸
4,横浜市中区,横浜市中区西之谷町
4,横浜市中区,横浜市中区石川町
4,横浜市中区,横浜市中区赤門町
4,横浜市中区,横浜市中区千歳町
4,横浜市中区,横浜市中区千代崎町
4,横浜市中区,横浜市中区千鳥町
4,横浜市中区,横浜市中区扇町
4,横浜市中区,横浜市中区相生町
4,横浜市中区,横浜市中区太田町
4,横浜市中区,横浜市中区打越
4,横浜市中区,横浜市中区大芝台
4,横浜市中区,横浜市中区大平町
4,横浜市中区,横浜市中区大和町
4,横浜市中区,横浜市中区滝之上
4,横浜市中区,横浜市中区池袋
4,横浜市中区,横浜市中区竹之丸
4,横浜市中区,横浜市中区仲尾台
4,横浜市中区,横浜市中区長者町
4,横浜市中区,横浜市中区塚越
4,横浜市中区,横浜市中区豆口台
4,横浜市中区,横浜市中区南仲通
4,横浜市中区,横浜市中区南本牧
4,横浜市中区,横浜市中区日ノ出町
4,横浜市中区,横浜市中区日本大通
4,横浜市中区,横浜市中区柏葉
4,横浜市中区,横浜市中区麦田町
4,横浜市中区,横浜市中区尾上町
4,横浜市中区,横浜市中区不老町
4,横浜市中区,横浜市中区富士見町
4,横浜市中区,横浜市中区福富町西通
4,横浜市中区,横浜市中区福富町仲通
4,横浜市中区,横浜市中区福富町東通
4,横浜市中区,横浜市中区弁天通
4,横浜市中区,横浜市中区蓬莱町
4,横浜市中区,横浜市中区豊浦町
4,横浜市中区,横浜市中区北仲通
4,横浜市中区,横浜市中区北方町
4,横浜市中区,横浜市中区本郷町
4,横浜市中区,横浜市中区本町
4,横浜市中区,横浜市中区本牧ふ頭
4,横浜市中区,横浜市中区本牧間門
4,横浜市中区,横浜市中区本牧宮原
4,横浜市中区,横浜市中区本牧元町
4,横浜市中区,横浜市中区本牧原
4,横浜市中区,横浜市中区本牧荒井
4,横浜市中区,横浜市中区本牧三之谷
4,横浜市中区,横浜市中区本牧十二天
4,横浜市中区,横浜市中区本牧大里町
4,横浜市中区,横浜市中区本牧町
4,横浜市中区,横浜市中区本牧満坂
4,横浜市中区,横浜市中区本牧緑ケ丘
4,横浜市中区,横浜市中区本牧和田
4,横浜市中区,横浜市中区末吉町
4,横浜市中区,横浜市中区末広町
4,横浜市中区,横浜市中区万代町
4,横浜市中区,横浜市中区妙香寺台
4,横浜市中区,横浜市中区野毛町
4,横浜市中区,横浜市中区弥生町
4,横浜市中区,横浜市中区矢口台
4,横浜市中区,横浜市中区立野
4,横浜市中区,横浜市中区和田山
4,横浜市中区,横浜市中区簑沢
4,横浜市中区,横浜市中区伊勢佐木町1丁目
4,横浜市中区,横浜市中区伊勢佐木町2丁目
4,横浜市中区,横浜市中区伊勢佐木町3丁目
4,横浜市中区,横浜市中区伊勢佐木町4丁目
4,横浜市中区,横浜市中区伊勢佐木町5丁目
4,横浜市中区,横浜市中区伊勢佐木町6丁目
4,横浜市中区,横浜市中区伊勢佐木町7丁目
4,横浜市中区,横浜市中区羽衣町1丁目
4,横浜市中区,横浜市中区羽衣町2丁目
4,横浜市中区,横浜市中区羽衣町3丁目
4,横浜市中区,横浜市中区翁町1丁目
4,横浜市中区,横浜市中区翁町2丁目
4,横浜市中区,横浜市中区黄金町1丁目
4,横浜市中区,横浜市中区黄金町2丁目
4,横浜市中区,横浜市中区花咲町1丁目
4,横浜市中区,横浜市中区花咲町2丁目
4,横浜市中区,横浜市中区花咲町3丁目
4,横浜市中区,横浜市中区海岸通1丁目
4,横浜市中区,横浜市中区海岸通2丁目
4,横浜市中区,横浜市中区海岸通3丁目
4,横浜市中区,横浜市中区海岸通4丁目
4,横浜市中区,横浜市中区海岸通5丁目
4,横浜市中区,横浜市中区宮川町1丁目
4,横浜市中区,横浜市中区宮川町2丁目
4,横浜市中区,横浜市中区宮川町3丁目
4,横浜市中区,横浜市中区元町1丁目
4,横浜市中区,横浜市中区元町2丁目
4,横浜市中区,横浜市中区元町3丁目
4,横浜市中区,横浜市中区元町4丁目
4,横浜市中区,横浜市中区元町5丁目
4,横浜市中区,横浜市中区元浜町1丁目
4,横浜市中区,横浜市中区元浜町2丁目
4,横浜市中区,横浜市中区元浜町3丁目
4,横浜市中区,横浜市中区元浜町4丁目
4,横浜市中区,横浜市中区港町1丁目
4,横浜市中区,横浜市中区港町2丁目
4,横浜市中区,横浜市中区港町3丁目
4,横浜市中区,横浜市中区港町4丁目
4,横浜市中区,横浜市中区港町5丁目
4,横浜市中区,横浜市中区港町6丁目
4,横浜市中区,横浜市中区根岸町1丁目
4,横浜市中区,横浜市中区根岸町2丁目
4,横浜市中区,横浜市中区根岸町3丁目
4,横浜市中区,横浜市中区桜木町1丁目
4,横浜市中区,横浜市中区桜木町2丁目
4,横浜市中区,横浜市中区桜木町3丁目
4,横浜市中区,横浜市中区山元町1丁目
4,横浜市中区,横浜市中区山元町2丁目
4,横浜市中区,横浜市中区山元町3丁目
4,横浜市中区,横浜市中区山元町4丁目
4,横浜市中区,横浜市中区山元町5丁目
4,横浜市中区,横浜市中区若葉町1丁目
4,横浜市中区,横浜市中区若葉町2丁目
4,横浜市中区,横浜市中区若葉町3丁目
4,横浜市中区,横浜市中区寿町1丁目
4,横浜市中区,横浜市中区寿町2丁目
4,横浜市中区,横浜市中区寿町3丁目
4,横浜市中区,横浜市中区寿町4丁目
4,横浜市中区,横浜市中区住吉町1丁目
4,横浜市中区,横浜市中区住吉町2丁目
4,横浜市中区,横浜市中区住吉町3丁目
4,横浜市中区,横浜市中区住吉町4丁目
4,横浜市中区,横浜市中区住吉町5丁目
4,横浜市中区,横浜市中区住吉町6丁目
4,横浜市中区,横浜市中区初音町1丁目
4,横浜市中区,横浜市中区初音町2丁目
4,横浜市中区,横浜市中区初音町3丁目
4,横浜市中区,横浜市中区曙町1丁目
4,横浜市中区,横浜市中区曙町2丁目
4,横浜市中区,横浜市中区曙町3丁目
4,横浜市中区,横浜市中区曙町4丁目
4,横浜市中区,横浜市中区曙町5丁目
4,横浜市中区,横浜市中区小港町1丁目
4,横浜市中区,横浜市中区小港町2丁目
4,横浜市中区,横浜市中区小港町3丁目
4,横浜市中区,横浜市中区松影町1丁目
4,横浜市中区,横浜市中区松影町2丁目
4,横浜市中区,横浜市中区松影町3丁目
4,横浜市中区,横浜市中区松影町4丁目
4,横浜市中区,横浜市中区上野町1丁目
4,横浜市中区,横浜市中区上野町2丁目
4,横浜市中区,横浜市中区上野町3丁目
4,横浜市中区,横浜市中区上野町4丁目
4,横浜市中区,横浜市中区常盤町1丁目
4,横浜市中区,横浜市中区常盤町2丁目
4,横浜市中区,横浜市中区常盤町3丁目
4,横浜市中区,横浜市中区常盤町4丁目
4,横浜市中区,横浜市中区常盤町5丁目
4,横浜市中区,横浜市中区常盤町6丁目
4,横浜市中区,横浜市中区新港1丁目
4,横浜市中区,横浜市中区新港2丁目
4,横浜市中区,横浜市中区新山下1丁目
4,横浜市中区,横浜市中区新山下2丁目
4,横浜市中区,横浜市中区新山下3丁目
4,横浜市中区,横浜市中区真砂町1丁目
4,横浜市中区,横浜市中区真砂町2丁目
4,横浜市中区,横浜市中区真砂町3丁目
4,横浜市中区,横浜市中区真砂町4丁目
4,横浜市中区,横浜市中区石川町1丁目
4,横浜市中区,横浜市中区石川町2丁目
4,横浜市中区,横浜市中区石川町3丁目
4,横浜市中区,横浜市中区石川町4丁目
4,横浜市中区,横浜市中区石川町5丁目
4,横浜市中区,横浜市中区赤門町1丁目
4,横浜市中区,横浜市中区千代崎町1丁目
4,横浜市中区,横浜市中区千代崎町2丁目
4,横浜市中区,横浜市中区千代崎町3丁目
4,横浜市中区,横浜市中区千代崎町4丁目
4,横浜市中区,横浜市中区扇町1丁目
4,横浜市中区,横浜市中区扇町2丁目
4,横浜市中区,横浜市中区扇町3丁目
4,横浜市中区,横浜市中区扇町4丁目
4,横浜市中区,横浜市中区相生町1丁目
4,横浜市中区,横浜市中区相生町2丁目
4,横浜市中区,横浜市中区相生町3丁目
4,横浜市中区,横浜市中区相生町4丁目
4,横浜市中区,横浜市中区相生町5丁目
4,横浜市中区,横浜市中区相生町6丁目
4,横浜市中区,横浜市中区太田町1丁目
4,横浜市中区,横浜市中区太田町2丁目
4,横浜市中区,横浜市中区太田町3丁目
4,横浜市中区,横浜市中区太田町4丁目
4,横浜市中区,横浜市中区太田町5丁目
4,横浜市中区,横浜市中区太田町6丁目
4,横浜市中区,横浜市中区大和町1丁目
4,横浜市中区,横浜市中区大和町2丁目
4,横浜市中区,横浜市中区長者町1丁目
4,横浜市中区,横浜市中区長者町2丁目
4,横浜市中区,横浜市中区長者町3丁目
4,横浜市中区,横浜市中区長者町4丁目
4,横浜市中区,横浜市中区長者町5丁目
4,横浜市中区,横浜市中区長者町6丁目
4,横浜市中区,横浜市中区長者町7丁目
4,横浜市中区,横浜市中区長者町8丁目
4,横浜市中区,横浜市中区長者町9丁目
4,横浜市中区,横浜市中区南仲通1丁目
4,横浜市中区,横浜市中区南仲通2丁目
4,横浜市中区,横浜市中区南仲通3丁目
4,横浜市中区,横浜市中区南仲通4丁目
4,横浜市中区,横浜市中区南仲通5丁目
4,横浜市中区,横浜市中区日ノ出町1丁目
4,横浜市中区,横浜市中区日ノ出町2丁目
4,横浜市中区,横浜市中区麦田町1丁目
4,横浜市中区,横浜市中区麦田町2丁目
4,横浜市中区,横浜市中区麦田町3丁目
4,横浜市中区,横浜市中区麦田町4丁目
4,横浜市中区,横浜市中区尾上町1丁目
4,横浜市中区,横浜市中区尾上町2丁目
4,横浜市中区,横浜市中区尾上町3丁目
4,横浜市中区,横浜市中区尾上町4丁目
4,横浜市中区,横浜市中区尾上町5丁目
4,横浜市中区,横浜市中区尾上町6丁目
4,横浜市中区,横浜市中区不老町1丁目
4,横浜市中区,横浜市中区不老町2丁目
4,横浜市中区,横浜市中区不老町3丁目
4,横浜市中区,横浜市中区弁天通1丁目
4,横浜市中区,横浜市中区弁天通2丁目
4,横浜市中区,横浜市中区弁天通3丁目
4,横浜市中区,横浜市中区弁天通4丁目
4,横浜市中区,横浜市中区弁天通5丁目
4,横浜市中区,横浜市中区弁天通6丁目
4,横浜市中区,横浜市中区蓬莱町1丁目
4,横浜市中区,横浜市中区蓬莱町2丁目
4,横浜市中区,横浜市中区蓬莱町3丁目
4,横浜市中区,横浜市中区北仲通1丁目
4,横浜市中区,横浜市中区北仲通2丁目
4,横浜市中区,横浜市中区北仲通3丁目
4,横浜市中区,横浜市中区北仲通4丁目
4,横浜市中区,横浜市中区北仲通5丁目
4,横浜市中区,横浜市中区北仲通6丁目
4,横浜市中区,横浜市中区北方町1丁目
4,横浜市中区,横浜市中区北方町2丁目
4,横浜市中区,横浜市中区本郷町1丁目
4,横浜市中区,横浜市中区本郷町2丁目
4,横浜市中区,横浜市中区本郷町3丁目
4,横浜市中区,横浜市中区本町1丁目
4,横浜市中区,横浜市中区本町2丁目
4,横浜市中区,横浜市中区本町3丁目
4,横浜市中区,横浜市中区本町4丁目
4,横浜市中区,横浜市中区本町5丁目
4,横浜市中区,横浜市中区本町6丁目
4,横浜市中区,横浜市中区本牧町1丁目
4,横浜市中区,横浜市中区本牧町2丁目
4,横浜市中区,横浜市中区末吉町1丁目
4,横浜市中区,横浜市中区末吉町2丁目
4,横浜市中区,横浜市中区末吉町3丁目
4,横浜市中区,横浜市中区末吉町4丁目
4,横浜市中区,横浜市中区末広町1丁目
4,横浜市中区,横浜市中区末広町2丁目
4,横浜市中区,横浜市中区末広町3丁目
4,横浜市中区,横浜市中区万代町1丁目
4,横浜市中区,横浜市中区万代町2丁目
4,横浜市中区,横浜市中区万代町3丁目
4,横浜市中区,横浜市中区野毛町1丁目
4,横浜市中区,横浜市中区野毛町2丁目
4,横浜市中区,横浜市中区野毛町3丁目
4,横浜市中区,横浜市中区野毛町4丁目
4,横浜市中区,横浜市中区弥生町1丁目
4,横浜市中区,横浜市中区弥生町2丁目
4,横浜市中区,横浜市中区弥生町3丁目
4,横浜市中区,横浜市中区弥生町4丁目
4,横浜市中区,横浜市中区弥生町5丁目
2,横浜市神奈川区,横浜市神奈川区旭ケ丘
2,横浜市神奈川区,横浜市神奈川区羽沢町
2,横浜市神奈川区,横浜市神奈川区羽沢南
2,横浜市神奈川区,横浜市神奈川区浦島丘
2,横浜市神奈川区,横浜市神奈川区浦島町
2,横浜市神奈川区,横浜市神奈川区栄町
2,横浜市神奈川区,横浜市神奈川区亀住町
2,横浜市神奈川区,横浜市神奈川区橋本町
2,横浜市神奈川区,横浜市神奈川区桐畑
2,横浜市神奈川区,横浜市神奈川区金港町
2,横浜市神奈川区,横浜市神奈川区栗田谷
2,横浜市神奈川区,横浜市神奈川区幸ケ谷
2,横浜市神奈川区,横浜市神奈川区広台太田町
2,横浜市神奈川区,横浜市神奈川区高島台
2,横浜市神奈川区,横浜市神奈川区斎藤分町
2,横浜市神奈川区,横浜市神奈川区三ツ沢下町
2,横浜市神奈川区,横浜市神奈川区三ツ沢上町
2,横浜市神奈川区,横浜市神奈川区三ツ沢西町
2,横浜市神奈川区,横浜市神奈川区三ツ沢中町
2,横浜市神奈川区,横浜市神奈川区三ツ沢東町
2,横浜市神奈川区,横浜市神奈川区三ツ沢南町
2,横浜市神奈川区,横浜市神奈川区三枚町
2,横浜市神奈川区,横浜市神奈川区山内町
2,横浜市神奈川区,横浜市神奈川区子安台
2,横浜市神奈川区,横浜市神奈川区子安通
2,横浜市神奈川区,横浜市神奈川区七島町
2,横浜市神奈川区,横浜市神奈川区守屋町
2,横浜市神奈川区,横浜市神奈川区松ケ丘
2,横浜市神奈川区,横浜市神奈川区松見町
2,横浜市神奈川区,横浜市神奈川区松本町
2,横浜市神奈川区,横浜市神奈川区上反町
2,横浜市神奈川区,横浜市神奈川区新浦島町
2,横浜市神奈川区,横浜市神奈川区新子安
2,横浜市神奈川区,横浜市神奈川区新町
2,横浜市神奈川区,横浜市神奈川区神大寺
2,横浜市神奈川区,横浜市神奈川区神奈川
2,横浜市神奈川区,横浜市神奈川区神奈川本町
2,横浜市神奈川区,横浜市神奈川区神之木台
2,横浜市神奈川区,横浜市神奈川区神之木町
2,横浜市神奈川区,横浜市神奈川区菅田町
2,横浜市神奈川区,横浜市神奈川区星野町
2,横浜市神奈川区,横浜市神奈川区西寺尾
2,横浜市神奈川区,横浜市神奈川区西神奈川
2,横浜市神奈川区,横浜市神奈川区西大口
2,横浜市神奈川区,横浜市神奈川区青木町
2,横浜市神奈川区,横浜市神奈川区千若町
2,横浜市神奈川区,横浜市神奈川区泉町
2,横浜市神奈川区,横浜市神奈川区台町
2,横浜市神奈川区,横浜市神奈川区大口仲町
2,横浜市神奈川区,横浜市神奈川区大口通
2,横浜市神奈川区,横浜市神奈川区大野町
2,横浜市神奈川区,横浜市神奈川区沢渡
2,横浜市神奈川区,横浜市神奈川区中丸
2,横浜市神奈川区,横浜市神奈川区鳥越
2,横浜市神奈川区,横浜市神奈川区鶴屋町
2,横浜市神奈川区,横浜市神奈川区東神奈川
2,横浜市神奈川区,横浜市神奈川区二ツ谷町
2,横浜市神奈川区,横浜市神奈川区二本榎
2,横浜市神奈川区,横浜市神奈川区入江
2,横浜市神奈川区,横浜市神奈川区白楽
2,横浜市神奈川区,横浜市神奈川区白幡向町
2,横浜市神奈川区,横浜市神奈川区白幡上町
2,横浜市神奈川区,横浜市神奈川区白幡西町
2,横浜市神奈川区,横浜市神奈川区白幡仲町
2,横浜市神奈川区,横浜市神奈川区白幡町
2,横浜市神奈川区,横浜市神奈川区白幡東町
2,横浜市神奈川区,横浜市神奈川区白幡南町
2,横浜市神奈川区,横浜市神奈川区反町
2,横浜市神奈川区,横浜市神奈川区富家町
2,横浜市神奈川区,横浜市神奈川区平川町
2,横浜市神奈川区,横浜市神奈川区片倉
2,横浜市神奈川区,横浜市神奈川区立町
2,横浜市神奈川区,横浜市神奈川区六角橋
2,横浜市神奈川区,横浜市神奈川区羽沢南1丁目
2,横浜市神奈川区,横浜市神奈川区羽沢南2丁目
2,横浜市神奈川区,横浜市神奈川区羽沢南3丁目
2,横浜市神奈川区,横浜市神奈川区羽沢南4丁目
2,横浜市神奈川区,横浜市神奈川区橋本町1丁目
2,横浜市神奈川区,横浜市神奈川区橋本町2丁目
2,横浜市神奈川区,横浜市神奈川区子安台1丁目
2,横浜市神奈川区,横浜市神奈川区子安台2丁目
2,横浜市神奈川区,横浜市神奈川区子安通1丁目
2,横浜市神奈川区,横浜市神奈川区子安通2丁目
2,横浜市神奈川区,横浜市神奈川区子安通3丁目
2,横浜市神奈川区,横浜市神奈川区守屋町3丁目
2,横浜市神奈川区,横浜市神奈川区守屋町4丁目
2,横浜市神奈川区,横浜市神奈川区松見町1丁目
2,横浜市神奈川区,横浜市神奈川区松見町2丁目
2,横浜市神奈川区,横浜市神奈川区松見町3丁目
2,横浜市神奈川区,横浜市神奈川区松見町4丁目
2,横浜市神奈川区,横浜市神奈川区松本町1丁目
2,横浜市神奈川区,横浜市神奈川区松本町2丁目
2,横浜市神奈川区,横浜市神奈川区松本町3丁目
2,横浜市神奈川区,横浜市神奈川区松本町4丁目
2,横浜市神奈川区,横浜市神奈川区松本町5丁目
2,横浜市神奈川区,横浜市神奈川区松本町6丁目
2,横浜市神奈川区,横浜市神奈川区上反町1丁目
2,横浜市神奈川区,横浜市神奈川区上反町2丁目
2,横浜市神奈川区,横浜市神奈川区新子安1丁目
2,横浜市神奈川区,横浜市神奈川区新子安2丁目
2,横浜市神奈川区,横浜市神奈川区神大寺1丁目
2,横浜市神奈川区,横浜市神奈川区神大寺2丁目
2,横浜市神奈川区,横浜市神奈川区神大寺3丁目
2,横浜市神奈川区,横浜市神奈川区神大寺4丁目
2,横浜市神奈川区,横浜市神奈川区神奈川1丁目
2,横浜市神奈川区,横浜市神奈川区神奈川2丁目
2,横浜市神奈川区,横浜市神奈川区西寺尾1丁目
2,横浜市神奈川区,横浜市神奈川区西寺尾2丁目
2,横浜市神奈川区,横浜市神奈川区西寺尾3丁目
2,横浜市神奈川区,横浜市神奈川区西寺尾4丁目
2,横浜市神奈川区,横浜市神奈川区西神奈川1丁目
2,横浜市神奈川区,横浜市神奈川区西神奈川2丁目
2,横浜市神奈川区,横浜市神奈川区西神奈川3丁目
2,横浜市神奈川区,横浜市神奈川区鶴屋町1丁目
2,横浜市神奈川区,横浜市神奈川区鶴屋町2丁目
2,横浜市神奈川区,横浜市神奈川区鶴屋町3丁目
2,横浜市神奈川区,横浜市神奈川区東神奈川1丁目
2,横浜市神奈川区,横浜市神奈川区東神奈川2丁目
2,横浜市神奈川区,横浜市神奈川区入江1丁目
2,横浜市神奈川区,横浜市神奈川区入江2丁目
2,横浜市神奈川区,横浜市神奈川区反町1丁目
2,横浜市神奈川区,横浜市神奈川区反町2丁目
2,横浜市神奈川区,横浜市神奈川区反町3丁目
2,横浜市神奈川区,横浜市神奈川区反町4丁目
2,横浜市神奈川区,横浜市神奈川区片倉1丁目
2,横浜市神奈川区,横浜市神奈川区片倉2丁目
2,横浜市神奈川区,横浜市神奈川区片倉3丁目
2,横浜市神奈川区,横浜市神奈川区片倉4丁目
2,横浜市神奈川区,横浜市神奈川区片倉5丁目
2,横浜市神奈川区,横浜市神奈川区六角橋1丁目
2,横浜市神奈川区,横浜市神奈川区六角橋2丁目
2,横浜市神奈川区,横浜市神奈川区六角橋3丁目
2,横浜市神奈川区,横浜市神奈川区六角橋4丁目
2,横浜市神奈川区,横浜市神奈川区六角橋5丁目
2,横浜市神奈川区,横浜市神奈川区六角橋6丁目
1,横浜市鶴見区,横浜市鶴見区安善町
1,横浜市鶴見区,横浜市鶴見区栄町通
1,横浜市鶴見区,横浜市鶴見区下末吉
1,横浜市鶴見区,横浜市鶴見区下野谷町
1,横浜市鶴見区,横浜市鶴見区梶山
1,横浜市鶴見区,横浜市鶴見区寛政町
1,横浜市鶴見区,横浜市鶴見区岸谷
1,横浜市鶴見区,横浜市鶴見区駒岡
1,横浜市鶴見区,横浜市鶴見区元宮
1,横浜市鶴見区,横浜市鶴見区向井町
1,横浜市鶴見区,横浜市鶴見区江ケ崎町
1,横浜市鶴見区,横浜市鶴見区三ツ池公園
1,横浜市鶴見区,横浜市鶴見区市場下町
1,横浜市鶴見区,横浜市鶴見区市場上町
1,横浜市鶴見区,横浜市鶴見区市場西中町
1,横浜市鶴見区,横浜市鶴見区市場大和町
1,横浜市鶴見区,横浜市鶴見区市場東中町
1,横浜市鶴見区,横浜市鶴見区市場富士見町
1,横浜市鶴見区,横浜市鶴見区獅子ケ谷
1,横浜市鶴見区,横浜市鶴見区寺谷
1,横浜市鶴見区,横浜市鶴見区汐入町
1,横浜市鶴見区,横浜市鶴見区小野町
1,横浜市鶴見区,横浜市鶴見区上の宮
1,横浜市鶴見区,横浜市鶴見区上末吉
1,横浜市鶴見区,横浜市鶴見区尻手
1,横浜市鶴見区,横浜市鶴見区諏訪坂
1,横浜市鶴見区,横浜市鶴見区菅沢町
1,横浜市鶴見区,横浜市鶴見区生麦
1,横浜市鶴見区,横浜市鶴見区扇島
1,横浜市鶴見区,横浜市鶴見区大黒ふ頭
1,横浜市鶴見区,横浜市鶴見区大黒町
1,横浜市鶴見区,横浜市鶴見区大東町
1,横浜市鶴見区,横浜市鶴見区仲通
1,横浜市鶴見区,横浜市鶴見区朝日町
1,横浜市鶴見区,横浜市鶴見区潮田町
1,横浜市鶴見区,横浜市鶴見区佃野町
1,横浜市鶴見区,横浜市鶴見区鶴見
1,横浜市鶴見区,横浜市鶴見区鶴見中央
1,横浜市鶴見区,横浜市鶴見区東寺尾
1,横浜市鶴見区,横浜市鶴見区東寺尾中台
1,横浜市鶴見区,横浜市鶴見区東寺尾東台
1,横浜市鶴見区,横浜市鶴見区東寺尾北台
1,横浜市鶴見区,横浜市鶴見区馬場
1,横浜市鶴見区,横浜市鶴見区浜町
1,横浜市鶴見区,横浜市鶴見区平安町
1,横浜市鶴見区,横浜市鶴見区弁天町
1,横浜市鶴見区,横浜市鶴見区豊岡町
1,横浜市鶴見区,横浜市鶴見区北寺尾
1,横浜市鶴見区,横浜市鶴見区本町通
1,横浜市鶴見区,横浜市鶴見区末広町
1,横浜市鶴見区,横浜市鶴見区矢向
1,横浜市鶴見区,横浜市鶴見区安善町1丁目
1,横浜市鶴見区,横浜市鶴見区安善町2丁目
1,横浜市鶴見区,横浜市鶴見区栄町通1丁目
1,横浜市鶴見区,横浜市鶴見区栄町通2丁目
1,横浜市鶴見区,横浜市鶴見区栄町通3丁目
1,横浜市鶴見区,横浜市鶴見区栄町通4丁目
1,横浜市鶴見区,横浜市鶴見区下末吉1丁目
1,横浜市鶴見区,横浜市鶴見区下末吉2丁目
1,横浜市鶴見区,横浜市鶴見区下末吉3丁目
1,横浜市鶴見区,横浜市鶴見区下末吉4丁目
1,横浜市鶴見区,横浜市鶴見区下末吉5丁目
1,横浜市鶴見区,横浜市鶴見区下末吉6丁目
1,横浜市鶴見区,横浜市鶴見区下野谷町1丁目
1,横浜市鶴見区,横浜市鶴見区下野谷町2丁目
1,横浜市鶴見区,横浜市鶴見区下野谷町3丁目
1,横浜市鶴見区,横浜市鶴見区下野谷町4丁目
1,横浜市鶴見区,横浜市鶴見区梶山1丁目
1,横浜市鶴見区,横浜市鶴見区梶山2丁目
1,横浜市鶴見区,横浜市鶴見区岸谷1丁目
1,横浜市鶴見区,横浜市鶴見区岸谷2丁目
1,横浜市鶴見区,横浜市鶴見区岸谷3丁目
1,横浜市鶴見区,横浜市鶴見区岸谷4丁目
1,横浜市鶴見区,横浜市鶴見区駒岡1丁目
1,横浜市鶴見区,横浜市鶴見区駒岡2丁目
1,横浜市鶴見区,横浜市鶴見区駒岡3丁目
1,横浜市鶴見区,横浜市鶴見区駒岡4丁目
1,横浜市鶴見区,横浜市鶴見区駒岡5丁目
1,横浜市鶴見区,横浜市鶴見区元宮1丁目
1,横浜市鶴見区,横浜市鶴見区元宮2丁目
1,横浜市鶴見区,横浜市鶴見区向井町1丁目
1,横浜市鶴見区,横浜市鶴見区向井町2丁目
1,横浜市鶴見区,横浜市鶴見区向井町3丁目
1,横浜市鶴見区,横浜市鶴見区向井町4丁目
1,横浜市鶴見区,横浜市鶴見区獅子ケ谷1丁目
1,横浜市鶴見区,横浜市鶴見区獅子ケ谷2丁目
1,横浜市鶴見区,横浜市鶴見区獅子ケ谷3丁目
1,横浜市鶴見区,横浜市鶴見区寺谷1丁目
1,横浜市鶴見区,横浜市鶴見区寺谷2丁目
1,横浜市鶴見区,横浜市鶴見区汐入町1丁目
1,横浜市鶴見区,横浜市鶴見区汐入町2丁目
1,横浜市鶴見区,横浜市鶴見区汐入町3丁目
1,横浜市鶴見区,横浜市鶴見区上の宮1丁目
1,横浜市鶴見区,横浜市鶴見区上の宮2丁目
1,横浜市鶴見区,横浜市鶴見区上末吉1丁目
1,横浜市鶴見区,横浜市鶴見区上末吉2丁目
1,横浜市鶴見区,横浜市鶴見区上末吉3丁目
1,横浜市鶴見区,横浜市鶴見区上末吉4丁目
1,横浜市鶴見区,横浜市鶴見区上末吉5丁目
1,横浜市鶴見区,横浜市鶴見区尻手1丁目
1,横浜市鶴見区,横浜市鶴見区尻手2丁目
1,横浜市鶴見区,横浜市鶴見区尻手3丁目
1,横浜市鶴見区,横浜市鶴見区生麦1丁目
1,横浜市鶴見区,横浜市鶴見区生麦2丁目
1,横浜市鶴見区,横浜市鶴見区生麦3丁目
1,横浜市鶴見区,横浜市鶴見区生麦4丁目
1,横浜市鶴見区,横浜市鶴見区生麦5丁目
1,横浜市鶴見区,横浜市鶴見区仲通1丁目
1,横浜市鶴見区,横浜市鶴見区仲通2丁目
1,横浜市鶴見区,横浜市鶴見区仲通3丁目
1,横浜市鶴見区,横浜市鶴見区朝日町1丁目
1,横浜市鶴見区,横浜市鶴見区朝日町2丁目
1,横浜市鶴見区,横浜市鶴見区潮田町1丁目
1,横浜市鶴見区,横浜市鶴見区潮田町2丁目
1,横浜市鶴見区,横浜市鶴見区潮田町3丁目
1,横浜市鶴見区,横浜市鶴見区潮田町4丁目
1,横浜市鶴見区,横浜市鶴見区鶴見1丁目
1,横浜市鶴見区,横浜市鶴見区鶴見2丁目
1,横浜市鶴見区,横浜市鶴見区鶴見中央1丁目
1,横浜市鶴見区,横浜市鶴見区鶴見中央2丁目
1,横浜市鶴見区,横浜市鶴見区鶴見中央3丁目
1,横浜市鶴見区,横浜市鶴見区鶴見中央4丁目
1,横浜市鶴見区,横浜市鶴見区鶴見中央5丁目
1,横浜市鶴見区,横浜市鶴見区東寺尾1丁目
1,横浜市鶴見区,横浜市鶴見区東寺尾2丁目
1,横浜市鶴見区,横浜市鶴見区東寺尾3丁目
1,横浜市鶴見区,横浜市鶴見区東寺尾4丁目
1,横浜市鶴見区,横浜市鶴見区東寺尾5丁目
1,横浜市鶴見区,横浜市鶴見区東寺尾6丁目
1,横浜市鶴見区,横浜市鶴見区馬場1丁目
1,横浜市鶴見区,横浜市鶴見区馬場2丁目
1,横浜市鶴見区,横浜市鶴見区馬場3丁目
1,横浜市鶴見区,横浜市鶴見区馬場4丁目
1,横浜市鶴見区,横浜市鶴見区馬場5丁目
1,横浜市鶴見区,横浜市鶴見区馬場6丁目
1,横浜市鶴見区,横浜市鶴見区馬場7丁目
1,横浜市鶴見区,横浜市鶴見区浜町1丁目
1,横浜市鶴見区,横浜市鶴見区浜町2丁目
1,横浜市鶴見区,横浜市鶴見区平安町1丁目
1,横浜市鶴見区,横浜市鶴見区平安町2丁目
1,横浜市鶴見区,横浜市鶴見区北寺尾1丁目
1,横浜市鶴見区,横浜市鶴見区北寺尾2丁目
1,横浜市鶴見区,横浜市鶴見区北寺尾3丁目
1,横浜市鶴見区,横浜市鶴見区北寺尾4丁目
1,横浜市鶴見区,横浜市鶴見区北寺尾5丁目
1,横浜市鶴見区,横浜市鶴見区北寺尾6丁目
1,横浜市鶴見区,横浜市鶴見区北寺尾7丁目
1,横浜市鶴見区,横浜市鶴見区本町通1丁目
1,横浜市鶴見区,横浜市鶴見区本町通2丁目
1,横浜市鶴見区,横浜市鶴見区本町通3丁目
1,横浜市鶴見区,横浜市鶴見区本町通4丁目
1,横浜市鶴見区,横浜市鶴見区末広町1丁目
1,横浜市鶴見区,横浜市鶴見区末広町2丁目
1,横浜市鶴見区,横浜市鶴見区矢向1丁目
1,横浜市鶴見区,横浜市鶴見区矢向2丁目
1,横浜市鶴見区,横浜市鶴見区矢向3丁目
1,横浜市鶴見区,横浜市鶴見区矢向4丁目
1,横浜市鶴見区,横浜市鶴見区矢向5丁目
1,横浜市鶴見区,横浜市鶴見区矢向6丁目
6,横浜市保土ケ谷区,横浜市保土ケ谷区岡沢町
6,横浜市保土ケ谷区,横浜市保土ケ谷区花見台
6,横浜市保土ケ谷区,横浜市保土ケ谷区霞台
6,横浜市保土ケ谷区,横浜市保土ケ谷区釜台町
6,横浜市保土ケ谷区,横浜市保土ケ谷区鎌谷町
6,横浜市保土ケ谷区,横浜市保土ケ谷区岩井町
6,横浜市保土ケ谷区,横浜市保土ケ谷区岩間町
6,横浜市保土ケ谷区,横浜市保土ケ谷区岩崎町
6,横浜市保土ケ谷区,横浜市保土ケ谷区宮田町
6,横浜市保土ケ谷区,横浜市保土ケ谷区境木町
6,横浜市保土ケ谷区,横浜市保土ケ谷区境木本町
6,横浜市保土ケ谷区,横浜市保土ケ谷区月見台
6,横浜市保土ケ谷区,横浜市保土ケ谷区権太坂
6,横浜市保土ケ谷区,横浜市保土ケ谷区今井町
6,横浜市保土ケ谷区,横浜市保土ケ谷区坂本町
6,横浜市保土ケ谷区,横浜市保土ケ谷区桜ケ丘
6,横浜市保土ケ谷区,横浜市保土ケ谷区狩場町
6,横浜市保土ケ谷区,横浜市保土ケ谷区初音ケ丘
6,横浜市保土ケ谷区,横浜市保土ケ谷区上菅田町
6,横浜市保土ケ谷区,横浜市保土ケ谷区上星川
6,横浜市保土ケ谷区,横浜市保土ケ谷区常盤台
6,横浜市保土ケ谷区,横浜市保土ケ谷区新井町
6,横浜市保土ケ谷区,横浜市保土ケ谷区新桜ケ丘
6,横浜市保土ケ谷区,横浜市保土ケ谷区神戸町
6,横浜市保土ケ谷区,横浜市保土ケ谷区瀬戸ケ谷町
6,横浜市保土ケ谷区,横浜市保土ケ谷区星川
6,横浜市保土ケ谷区,横浜市保土ケ谷区西久保町
6,横浜市保土ケ谷区,横浜市保土ケ谷区西谷町
6,横浜市保土ケ谷区,横浜市保土ケ谷区川島町
6,横浜市保土ケ谷区,横浜市保土ケ谷区川辺町
6,横浜市保土ケ谷区,横浜市保土ケ谷区天王町
6,横浜市保土ケ谷区,横浜市保土ケ谷区東川島町
6,横浜市保土ケ谷区,横浜市保土ケ谷区藤塚町
6,横浜市保土ケ谷区,横浜市保土ケ谷区仏向西
6,横浜市保土ケ谷区,横浜市保土ケ谷区仏向町
6,横浜市保土ケ谷区,横浜市保土ケ谷区保土ケ谷町
6,横浜市保土ケ谷区,横浜市保土ケ谷区峰岡町
6,横浜市保土ケ谷区,横浜市保土ケ谷区峰沢町
6,横浜市保土ケ谷区,横浜市保土ケ谷区法泉
6,横浜市保土ケ谷区,横浜市保土ケ谷区明神台
6,横浜市保土ケ谷区,横浜市保土ケ谷区和田
6,横浜市保土ケ谷区,横浜市保土ケ谷区帷子町
6,横浜市保土ケ谷区,横浜市保土ケ谷区岩間町1丁目
6,横浜市保土ケ谷区,横浜市保土ケ谷区岩間町2丁目
6,横浜市保土ケ谷区,横浜市保土ケ谷区宮田町1丁目
6,横浜市保土ケ谷区,横浜市保土ケ谷区宮田町2丁目
6,横浜市保土ケ谷区,横浜市保土ケ谷区宮田町3丁目
6,横浜市保土ケ谷区,横浜市保土ケ谷区権太坂1丁目
6,横浜市保土ケ谷区,横浜市保土ケ谷区権太坂2丁目
6,横浜市保土ケ谷区,横浜市保土ケ谷区権太坂3丁目
6,横浜市保土ケ谷区,横浜市保土ケ谷区桜ケ丘1丁目
6,横浜市保土ケ谷区,横浜市保土ケ谷区桜ケ丘2丁目
6,横浜市保土ケ谷区,横浜市保土ケ谷区上星川1丁目
6,横浜市保土ケ谷区,横浜市保土ケ谷区上星川2丁目
6,横浜市保土ケ谷区,横浜市保土ケ谷区上星川3丁目
6,横浜市保土ケ谷区,横浜市保土ケ谷区新桜ケ丘1丁目
6,横浜市保土ケ谷区,横浜市保土ケ谷区新桜ケ丘2丁目
6,横浜市保土ケ谷区,横浜市保土ケ谷区星川1丁目
6,横浜市保土ケ谷区,横浜市保土ケ谷区星川2丁目
6,横浜市保土ケ谷区,横浜市保土ケ谷区星川3丁目
6,横浜市保土ケ谷区,横浜市保土ケ谷区天王町1丁目
6,横浜市保土ケ谷区,横浜市保土ケ谷区天王町2丁目
6,横浜市保土ケ谷区,横浜市保土ケ谷区保土ケ谷町1丁目
6,横浜市保土ケ谷区,横浜市保土ケ谷区保土ケ谷町2丁目
6,横浜市保土ケ谷区,横浜市保土ケ谷区保土ケ谷町3丁目
6,横浜市保土ケ谷区,横浜市保土ケ谷区峰岡町1丁目
6,横浜市保土ケ谷区,横浜市保土ケ谷区峰岡町2丁目
6,横浜市保土ケ谷区,横浜市保土ケ谷区峰岡町3丁目
6,横浜市保土ケ谷区,横浜市保土ケ谷区法泉1丁目
6,横浜市保土ケ谷区,横浜市保土ケ谷区法泉2丁目
6,横浜市保土ケ谷区,横浜市保土ケ谷区法泉3丁目
6,横浜市保土ケ谷区,横浜市保土ケ谷区和田1丁目
6,横浜市保土ケ谷区,横浜市保土ケ谷区和田2丁目
6,横浜市保土ケ谷区,横浜市保土ケ谷区帷子町1丁目
6,横浜市保土ケ谷区,横浜市保土ケ谷区帷子町2丁目
9,横浜市港北区,横浜市港北区下田町
9,横浜市港北区,横浜市港北区岸根町
9,横浜市港北区,横浜市港北区菊名
9,横浜市港北区,横浜市港北区錦が丘
9,横浜市港北区,横浜市港北区綱島上町
9,横浜市港北区,横浜市港北区綱島西
9,横浜市港北区,横浜市港北区綱島台
9,横浜市港北区,横浜市港北区綱島東
9,横浜市港北区,横浜市港北区高田西
9,横浜市港北区,横浜市港北区高田町
9,横浜市港北区,横浜市港北区高田東
9,横浜市港北区,横浜市港北区師岡町
9,横浜市港北区,横浜市港北区篠原西町
9,横浜市港北区,横浜市港北区篠原台町
9,横浜市港北区,横浜市港北区篠原町
9,横浜市港北区,横浜市港北区篠原東
9,横浜市港北区,横浜市港北区篠原北
9,横浜市港北区,横浜市港北区小机町
9,横浜市港北区,横浜市港北区新羽町
9,横浜市港北区,横浜市港北区新横浜
9,横浜市港北区,横浜市港北区新吉田町
9,横浜市港北区,横浜市港北区新吉田東
9,横浜市港北区,横浜市港北区大曽根
9,横浜市港北区,横浜市港北区大曽根台
9,横浜市港北区,横浜市港北区大倉山
9,横浜市港北区,横浜市港北区大豆戸町
9,横浜市港北区,横浜市港北区樽町
9,横浜市港北区,横浜市港北区仲手原
9,横浜市港北区,横浜市港北区鳥山町
9,横浜市港北区,横浜市港北区日吉
9,横浜市港北区,横浜市港北区日吉本町
9,横浜市港北区,横浜市港北区富士塚
9,横浜市港北区,横浜市港北区北新横浜
9,横浜市港北区,横浜市港北区箕輪町
9,横浜市港北区,横浜市港北区下田町1丁目
9,横浜市港北区,横浜市港北区下田町2丁目
9,横浜市港北区,横浜市港北区下田町3丁目
9,横浜市港北区,横浜市港北区下田町4丁目
9,横浜市港北区,横浜市港北区下田町5丁目
9,横浜市港北区,横浜市港北区下田町6丁目
9,横浜市港北区,横浜市港北区菊名1丁目
9,横浜市港北区,横浜市港北区菊名2丁目
9,横浜市港北区,横浜市港北区菊名3丁目
9,横浜市港北区,横浜市港北区菊名4丁目
9,横浜市港北区,横浜市港北区菊名5丁目
9,横浜市港北区,横浜市港北区菊名6丁目
9,横浜市港北区,横浜市港北区菊名7丁目
9,横浜市港北区,横浜市港北区綱島西1丁目
9,横浜市港北区,横浜市港北区綱島西2丁目
9,横浜市港北区,横浜市港北区綱島西3丁目
9,横浜市港北区,横浜市港北区綱島西4丁目
9,横浜市港北区,横浜市港北区綱島西5丁目
9,横浜市港北区,横浜市港北区綱島西6丁目
9,横浜市港北区,横浜市港北区綱島東1丁目
9,横浜市港北区,横浜市港北区綱島東2丁目
9,横浜市港北区,横浜市港北区綱島東3丁目
9,横浜市港北区,横浜市港北区綱島東4丁目
9,横浜市港北区,横浜市港北区綱島東5丁目
9,横浜市港北区,横浜市港北区綱島東6丁目
9,横浜市港北区,横浜市港北区高田西1丁目
9,横浜市港北区,横浜市港北区高田西2丁目
9,横浜市港北区,横浜市港北区高田西3丁目
9,横浜市港北区,横浜市港北区高田西4丁目
9,横浜市港北区,横浜市港北区高田西5丁目
9,横浜市港北区,横浜市港北区高田東1丁目
9,横浜市港北区,横浜市港北区高田東2丁目
9,横浜市港北区,横浜市港北区高田東3丁目
9,横浜市港北区,横浜市港北区高田東4丁目
9,横浜市港北区,横浜市港北区篠原東1丁目
9,横浜市港北区,横浜市港北区篠原東2丁目
9,横浜市港北区,横浜市港北区篠原東3丁目
9,横浜市港北区,横浜市港北区篠原北1丁目
9,横浜市港北区,横浜市港北区篠原北2丁目
9,横浜市港北区,横浜市港北区新横浜1丁目
9,横浜市港北区,横浜市港北区新横浜2丁目
9,横浜市港北区,横浜市港北区新横浜3丁目
9,横浜市港北区,横浜市港北区新吉田東1丁目
9,横浜市港北区,横浜市港北区新吉田東2丁目
9,横浜市港北区,横浜市港北区新吉田東3丁目
9,横浜市港北区,横浜市港北区新吉田東4丁目
9,横浜市港北区,横浜市港北区新吉田東5丁目
9,横浜市港北区,横浜市港北区新吉田東6丁目
9,横浜市港北区,横浜市港北区新吉田東7丁目
9,横浜市港北区,横浜市港北区新吉田東8丁目
9,横浜市港北区,横浜市港北区大曽根1丁目
9,横浜市港北区,横浜市港北区大曽根2丁目
9,横浜市港北区,横浜市港北区大曽根3丁目
9,横浜市港北区,横浜市港北区大倉山1丁目
9,横浜市港北区,横浜市港北区大倉山2丁目
9,横浜市港北区,横浜市港北区大倉山3丁目
9,横浜市港北区,横浜市港北区大倉山4丁目
9,横浜市港北区,横浜市港北区大倉山5丁目
9,横浜市港北区,横浜市港北区大倉山6丁目
9,横浜市港北区,横浜市港北区大倉山7丁目
9,横浜市港北区,横浜市港北区樽町1丁目
9,横浜市港北区,横浜市港北区樽町2丁目
9,横浜市港北区,横浜市港北区樽町3丁目
9,横浜市港北区,横浜市港北区樽町4丁目
9,横浜市港北区,横浜市港北区仲手原1丁目
9,横浜市港北区,横浜市港北区仲手原2丁目
9,横浜市港北区,横浜市港北区日吉1丁目
9,横浜市港北区,横浜市港北区日吉2丁目
9,横浜市港北区,横浜市港北区日吉3丁目
9,横浜市港北区,横浜市港北区日吉4丁目
9,横浜市港北区,横浜市港北区日吉5丁目
9,横浜市港北区,横浜市港北区日吉6丁目
9,横浜市港北区,横浜市港北区日吉7丁目
9,横浜市港北区,横浜市港北区日吉本町1丁目
9,横浜市港北区,横浜市港北区日吉本町2丁目
9,横浜市港北区,横浜市港北区日吉本町3丁目
9,横浜市港北区,横浜市港北区日吉本町4丁目
9,横浜市港北区,横浜市港北区日吉本町5丁目
9,横浜市港北区,横浜市港北区日吉本町6丁目
9,横浜市港北区,横浜市港北区富士塚1丁目
9,横浜市港北区,横浜市港北区富士塚2丁目
9,横浜市港北区,横浜市港北区北新横浜1丁目
9,横浜市港北区,横浜市港北区北新横浜2丁目
9,横浜市港北区,横浜市港北区箕輪町1丁目
9,横浜市港北区,横浜市港北区箕輪町2丁目
9,横浜市港北区,横浜市港北区箕輪町3丁目
12,横浜市旭区,横浜市旭区さちが丘
12,横浜市旭区,横浜市旭区下川井町
12,横浜市旭区,横浜市旭区桐が作
12,横浜市旭区,横浜市旭区金が谷
12,横浜市旭区,横浜市旭区今宿
12,横浜市旭区,横浜市旭区今宿西町
12,横浜市旭区,横浜市旭区今宿町
12,横浜市旭区,横浜市旭区今宿東町
12,横浜市旭区,横浜市旭区今宿南町
12,横浜市旭区,横浜市旭区今川町
12,横浜市旭区,横浜市旭区左近山
12,横浜市旭区,横浜市旭区笹野台
12,横浜市旭区,横浜市旭区三反田町
12,横浜市旭区,横浜市旭区四季美台
12,横浜市旭区,横浜市旭区市沢町
12,横浜市旭区,横浜市旭区若葉台
12,横浜市旭区,横浜市旭区小高町
12,横浜市旭区,横浜市旭区上川井町
12,横浜市旭区,横浜市旭区上白根
12,横浜市旭区,横浜市旭区上白根町
12,横浜市旭区,横浜市旭区西川島町
12,横浜市旭区,横浜市旭区川井宿町
12,横浜市旭区,横浜市旭区川井本町
12,横浜市旭区,横浜市旭区川島町
12,横浜市旭区,横浜市旭区善部町
12,横浜市旭区,横浜市旭区大池町
12,横浜市旭区,横浜市旭区中希望が丘
12,横浜市旭区,横浜市旭区中沢
12,横浜市旭区,横浜市旭区中白根
12,横浜市旭区,横浜市旭区中尾
12,横浜市旭区,横浜市旭区鶴ケ峰
12,横浜市旭区,横浜市旭区鶴ケ峰本町
12,横浜市旭区,横浜市旭区都岡町
12,横浜市旭区,横浜市旭区東希望が丘
12,横浜市旭区,横浜市旭区南希望が丘
12,横浜市旭区,横浜市旭区南本宿町
12,横浜市旭区,横浜市旭区二俣川
12,横浜市旭区,横浜市旭区柏町
12,横浜市旭区,横浜市旭区白根
12,横浜市旭区,横浜市旭区白根町
12,横浜市旭区,横浜市旭区本宿町
12,横浜市旭区,横浜市旭区本村町
12,横浜市旭区,横浜市旭区万騎が原
12,横浜市旭区,横浜市旭区矢指町
12,横浜市旭区,横浜市旭区金が谷1丁目
12,横浜市旭区,横浜市旭区金が谷2丁目
12,横浜市旭区,横浜市旭区今宿1丁目
12,横浜市旭区,横浜市旭区今宿2丁目
12,横浜市旭区,横浜市旭区笹野台1丁目
12,横浜市旭区,横浜市旭区笹野台2丁目
12,横浜市旭区,横浜市旭区笹野台3丁目
12,横浜市旭区,横浜市旭区笹野台4丁目
12,横浜市旭区,横浜市旭区若葉台1丁目
12,横浜市旭区,横浜市旭区若葉台2丁目
12,横浜市旭区,横浜市旭区若葉台3丁目
12,横浜市旭区,横浜市旭区若葉台4丁目
12,横浜市旭区,横浜市旭区上白根1丁目
12,横浜市旭区,横浜市旭区上白根2丁目
12,横浜市旭区,横浜市旭区上白根3丁目
12,横浜市旭区,横浜市旭区中沢1丁目
12,横浜市旭区,横浜市旭区中沢2丁目
12,横浜市旭区,横浜市旭区中沢3丁目
12,横浜市旭区,横浜市旭区中白根1丁目
12,横浜市旭区,横浜市旭区中白根2丁目
12,横浜市旭区,横浜市旭区中白根3丁目
12,横浜市旭区,横浜市旭区中白根4丁目
12,横浜市旭区,横浜市旭区中尾1丁目
12,横浜市旭区,横浜市旭区中尾2丁目
12,横浜市旭区,横浜市旭区鶴ケ峰1丁目
12,横浜市旭区,横浜市旭区鶴ケ峰2丁目
12,横浜市旭区,横浜市旭区鶴ケ峰本町1丁目
12,横浜市旭区,横浜市旭区鶴ケ峰本町2丁目
12,横浜市旭区,横浜市旭区鶴ケ峰本町3丁目
12,横浜市旭区,横浜市旭区二俣川1丁目
12,横浜市旭区,横浜市旭区二俣川2丁目
12,横浜市旭区,横浜市旭区白根1丁目
12,横浜市旭区,横浜市旭区白根2丁目
12,横浜市旭区,横浜市旭区白根3丁目
12,横浜市旭区,横浜市旭区白根4丁目
12,横浜市旭区,横浜市旭区白根5丁目
12,横浜市旭区,横浜市旭区白根6丁目
12,横浜市旭区,横浜市旭区白根7丁目
12,横浜市旭区,横浜市旭区白根8丁目
