Full URL,Stripped URL,Level
https://uedayou.net/loa/神奈川県横浜市西区,,0
https://uedayou.net/loa/神奈川県横浜市西区みなとみらい,神奈川県横浜市西区みなとみらい,1
https://uedayou.net/loa/神奈川県横浜市西区伊勢町,神奈川県横浜市西区伊勢町,1
https://uedayou.net/loa/神奈川県横浜市西区岡野,神奈川県横浜市西区岡野,1
https://uedayou.net/loa/神奈川県横浜市西区花咲町,神奈川県横浜市西区花咲町,1
https://uedayou.net/loa/神奈川県横浜市西区霞ケ丘,神奈川県横浜市西区霞ケ丘,1
https://uedayou.net/loa/神奈川県横浜市西区久保町,神奈川県横浜市西区久保町,1
https://uedayou.net/loa/神奈川県横浜市西区宮ケ谷,神奈川県横浜市西区宮ケ谷,1
https://uedayou.net/loa/神奈川県横浜市西区宮崎町,神奈川県横浜市西区宮崎町,1
https://uedayou.net/loa/神奈川県横浜市西区境之谷,神奈川県横浜市西区境之谷,1
https://uedayou.net/loa/神奈川県横浜市西区元久保町,神奈川県横浜市西区元久保町,1
https://uedayou.net/loa/神奈川県横浜市西区戸部町,神奈川県横浜市西区戸部町,1
https://uedayou.net/loa/神奈川県横浜市西区戸部本町,神奈川県横浜市西区戸部本町,1
https://uedayou.net/loa/神奈川県横浜市西区御所山町,神奈川県横浜市西区御所山町,1
https://uedayou.net/loa/神奈川県横浜市西区紅葉ケ丘,神奈川県横浜市西区紅葉ケ丘,1
https://uedayou.net/loa/神奈川県横浜市西区高島,神奈川県横浜市西区高島,1
https://uedayou.net/loa/神奈川県横浜市西区桜木町,神奈川県横浜市西区桜木町,1
https://uedayou.net/loa/神奈川県横浜市西区西戸部町,神奈川県横浜市西区西戸部町,1
https://uedayou.net/loa/神奈川県横浜市西区西前町,神奈川県横浜市西区西前町,1
https://uedayou.net/loa/神奈川県横浜市西区西平沼町,神奈川県横浜市西区西平沼町,1
https://uedayou.net/loa/神奈川県横浜市西区赤門町,神奈川県横浜市西区赤門町,1
https://uedayou.net/loa/神奈川県横浜市西区浅間台,神奈川県横浜市西区浅間台,1
https://uedayou.net/loa/神奈川県横浜市西区浅間町,神奈川県横浜市西区浅間町,1
https://uedayou.net/loa/神奈川県横浜市西区中央,神奈川県横浜市西区中央,1
https://uedayou.net/loa/神奈川県横浜市西区東ケ丘,神奈川県横浜市西区東ケ丘,1
https://uedayou.net/loa/神奈川県横浜市西区東久保町,神奈川県横浜市西区東久保町,1
https://uedayou.net/loa/神奈川県横浜市西区藤棚町,神奈川県横浜市西区藤棚町,1
https://uedayou.net/loa/神奈川県横浜市西区南軽井沢,神奈川県横浜市西区南軽井沢,1
https://uedayou.net/loa/神奈川県横浜市西区南幸,神奈川県横浜市西区南幸,1
https://uedayou.net/loa/神奈川県横浜市西区南浅間町,神奈川県横浜市西区南浅間町,1
https://uedayou.net/loa/神奈川県横浜市西区楠町,神奈川県横浜市西区楠町,1
https://uedayou.net/loa/神奈川県横浜市西区浜松町,神奈川県横浜市西区浜松町,1
https://uedayou.net/loa/神奈川県横浜市西区平沼,神奈川県横浜市西区平沼,1
https://uedayou.net/loa/神奈川県横浜市西区北軽井沢,神奈川県横浜市西区北軽井沢,1
https://uedayou.net/loa/神奈川県横浜市西区北幸,神奈川県横浜市西区北幸,1
https://uedayou.net/loa/神奈川県横浜市西区老松町,神奈川県横浜市西区老松町,1
